token,tokenToMatch,endReason,tag,tagIndex
(...),(...),s,,
To,to,s,considrd,0
which,which,s,considrd,0
limits,limits,c,,
",",",",s,,
when,when,s,,
I,i,s,considrd,0
had,had,s,considrd,0
apted,apted,s,,
my,my,s,considrd,0
invention,invention,c,strd,0
",",",",s,,
and,and,s,,
being,being,s,,
to,to,s,considrd,0
bring,bring,s,,
news,news,n,strd,0
of,of,s,considrd,0
them,them,s,,
from,from,s,,
the,the,s,considrd,0
Sea,sea,c,,
",",",",s,,
I,i,s,considrd,0
induced,induced,s,strd,0
Boreas,boreas,c,,
",",",",s,,
one,one,s,,
of,of,s,considrd,0
the,the,s,considrd,0
winds,winds,c,,
",",",",s,,
as,as,s,considrd,0
my,my,s,considrd,0
fittest,fittest,n,,
Messenger,messenger,c,,
;,;,s,,
presenting,presenting,s,,
him,him,s,,
thus,thus,nn,,
In,in,s,considrd,0
a,a,s,considrd,0
robe,robe,s,,
of,of,s,considrd,0
Russet,russet,s,,
and,and,s,,
White,white,s,,
mixed,mixed,c,strd,0
",",",",s,,
full,full,c,,
",",",",s,,
and,and,s,,
bagg'd,bagg'd,c,,
;,;,s,,
his,his,s,considrd,0
hair,hair,s,strd,0
and,and,s,,
beard,beard,n,,
rough,rough,c,,
",",",",s,,
and,and,s,,
horride,horride,c,,
;,;,s,,
his,his,s,considrd,0
wings,wings,s,,
gray,gray,c,,
",",",",s,,
and,and,s,,
full,full,s,,
of,of,s,considrd,0
snow,snow,c,,
",",",",s,,
and,and,s,,
ycicles,ycicles,c,,
:,:,s,,
his,his,s,considrd,0
mantle,mantle,n,,
borne,borne,s,,
from,from,s,,
him,him,s,,
with,with,s,considrd,0
wyres,wyres,c,,
",",",",s,,
and,and,s,,
in,in,s,considrd,0
several,several,s,strd,0
puffes,puffes,c,,
;,;,s,,
his,his,s,considrd,0
feet,feet,nn,,
But,but,s,,
before,before,c,,
",",",",s,,
in,in,s,considrd,0
midst,midst,s,,
of,of,s,considrd,0
the,the,s,considrd,0
Hall,hall,c,,
",",",",s,,
to,to,s,considrd,0
keep,keep,s,strd,0
the,the,s,considrd,0
state,state,s,,
of,of,s,considrd,0
the,the,s,considrd,0
Feast,feast,c,,
",",",",s,,
and,and,s,,
Season,season,c,,
",",",",n,,
I,i,s,considrd,0
had,had,s,considrd,0
placed,placed,s,,
January,january,c,strd,0
",",",",s,,
in,in,s,considrd,0
a,a,s,considrd,0
throne,throne,s,,
of,of,s,considrd,0
silver,silver,c,strd,0
;,;,s,,
his,his,s,considrd,0
robe,robe,s,,
of,of,s,considrd,0
ash,ash,c,strd,0
color,color,c,strd,1
",",",",s,,
long,long,c,,
",",",",n,,
fringed,fringed,s,,
with,with,s,considrd,0
silver,silver,c,strd,0
;,;,s,,
a,a,s,considrd,0
white,white,s,,
mantle,mantle,c,,
;,;,s,,
his,his,s,considrd,0
wings,wings,s,,
white,white,c,,
",",",",s,,
and,and,s,,
his,his,s,considrd,0
buskins,buskins,c,,
;,;,s,,
in,in,s,considrd,0
his,his,n,considrd,0
hand,hand,s,,
a,a,s,considrd,0
Laurel,laurel,s,strd,0
bough,bough,c,,
;,;,s,,
upon,upon,s,strd,0
his,his,s,considrd,0
head,head,s,,
an,an,s,,
Anademe,anademe,s,,
of,of,s,considrd,0
Laurel,laurel,c,strd,0
",",",",s,,
fronted,fronted,s,,
with,with,s,considrd,0
the,the,n,considrd,0
sign,sign,s,strd,0
Aquarius,aquarius,c,,
",",",",s,,
and,and,s,,
the,the,s,considrd,0
Character,character,c,,
.,.,s,,
Who,who,c,considrd,0
",",",",s,,
as,as,s,considrd,0
Boreas,boreas,s,,
bluster'd,bluster'd,s,,
forth,forth,c,,
",",",",s,,
discovered,discovered,n,strd,0
himself,himself,nn,strd,0
WHich,which,c,considrd,0
",",",",s,,
among,among,s,,
these,these,c,,
",",",",s,,
is,is,s,considrd,0
ALBION,albion,c,,
",",",",s,,
NEPTVNES,neptvnes,s,,
son,son,c,strd,0
?,?,nnn,,
WHat,what,s,,
ignorance,ignorance,s,,
dares,dares,s,,
make,make,s,,
that,that,s,considrd,0
question,question,c,,
?,?,n,,
Would,would,s,,
any,any,s,,
ask,ask,c,strd,0
",",",",s,,
who,who,s,considrd,0
MARS,mars,s,,
were,were,c,,
",",",",s,,
in,in,s,considrd,0
the,the,s,considrd,0
wars,wars,c,,
?,?,n,,
Or,or,c,considrd,0
",",",",s,,
which,which,s,considrd,0
is,is,s,considrd,0
HESPERVS,hespervs,c,,
",",",",s,,
among,among,s,,
the,the,s,considrd,0
stars,stars,c,strd,0
?,?,n,,
Of,of,s,considrd,0
the,the,s,considrd,0
bright,bright,s,,
Planets,planets,c,,
",",",",s,,
which,which,s,considrd,0
is,is,s,considrd,0
SOL,sol,c,,
?,?,s,,
Or,or,s,considrd,0
can,can,n,,
A,a,s,considrd,0
doubt,doubt,s,,
arise,arise,c,,
",",",",s,,
among,among,s,strd,0
creatures,creatures,c,,
",",",",s,,
which,which,s,considrd,0
is,is,s,considrd,0
Man,man,c,,
?,?,n,,
Behold,behold,c,,
",",",",s,,
whose,whose,s,,
eyes,eyes,s,,
do,do,s,strd,0
dart,dart,s,,
Promethean,promethean,s,,
fire,fire,n,considrd,0
Throughout,throughout,s,,
this,this,s,considrd,0
all,all,c,,
;,;,s,,
whose,whose,s,,
precepts,precepts,s,,
do,do,s,,
inspire,inspire,n,,
The,the,s,considrd,0
rest,rest,s,,
with,with,s,considrd,0
duty,duty,c,strd,0
;,;,s,,
yet,yet,s,,
commanding,commanding,c,,
",",",",s,,
cheer,cheer,c,strd,0
:,:,n,,
And,and,s,,
are,are,s,,
obeyed,obeyed,c,,
",",",",s,,
more,more,s,,
with,with,s,considrd,0
love,love,c,strd,0
",",",",s,,
then,then,s,,
fear,fear,c,strd,0
.,.,nn,,
WHat,what,s,,
Power,power,s,,
art,art,s,,
thou,thou,c,considrd,0
",",",",s,,
that,that,s,considrd,0
thus,thus,s,,
informest,informest,s,,
me,me,c,,
?,?,nn,,
Do,do,s,strd,0
thou,thou,s,considrd,0
not,not,s,,
know,know,s,,
me,me,c,,
?,?,s,,
I,i,s,considrd,0
too,too,s,,
well,well,s,,
know,know,s,,
thee,thee,n,,
By,by,s,considrd,0
thy,thy,n,considrd,0
Thy,thy,s,considrd,0
hair,hair,c,strd,0
",",",",s,,
thy,thy,s,considrd,0
beard,beard,c,,
",",",",s,,
thy,thy,s,considrd,0
wings,wings,c,,
",",",",s,,
ore-hil'd,ore-hil'd,s,,
with,with,s,considrd,0
snow,snow,c,,
",",",",n,,
Thy,thy,s,considrd,0
serpent,serpent,s,,
feet,feet,c,,
",",",",s,,
to,to,s,considrd,0
be,be,s,considrd,0
that,that,s,considrd,0
rough,rough,s,,
North,north,c,strd,0
Wind,wind,c,strd,1
",",",",n,,
BOREAS,boreas,c,,
",",",",s,,
that,that,s,considrd,0
to,to,s,considrd,0
my,my,s,considrd,0
reign,reign,s,strd,0
art,art,s,,
still,still,s,,
unkind,unkind,c,strd,0
.,.,n,,
I,i,s,considrd,0
am,am,s,,
the,the,s,considrd,0
Prince,prince,s,,
of,of,s,considrd,0
Months,months,c,,
",",",",s,,
called,called,s,strd,0
IANVARIE,ianvarie,c,,
;,;,n,,
Because,because,s,,
by,by,s,considrd,0
me,me,n,,
Shutting,shutting,s,,
up,up,s,strd,0
wars,wars,c,strd,0
",",",",s,,
proclayming,proclayming,s,,
peace,peace,c,,
",",",",s,,
and,and,s,,
feasts,feasts,c,,
",",",",n,,
Freedom,freedom,c,strd,0
",",",",s,,
and,and,s,,
triumphs,triumphs,c,,
;,;,s,,
making,making,s,,
Kings,kings,s,,
his,his,s,considrd,0
guests,guests,c,,
.,.,nn,,
TO,to,s,considrd,0
thee,thee,s,,
then,then,c,,
",",",",s,,
thus,thus,c,,
",",",",s,,
and,and,s,,
by,by,s,considrd,0
thee,thee,c,,
",",",",s,,
to,to,s,considrd,0
that,that,s,considrd,0
King,king,c,,
",",",",n,,
That,that,s,considrd,0
does,does,s,strd,0
thee,thee,s,,
present,present,s,,
honors,honors,c,,
",",",",s,,
do,do,s,strd,0
I,i,s,considrd,0
bring,bring,n,,
Present,present,s,,
remembrance,remembrance,s,,
of,of,s,considrd,0
twelve,twelve,s,strd,0
Aethiope,aethiope,s,,
Dames,dames,c,,
:,:,n,,
Who,who,c,considrd,0
",",",",s,,
guided,guided,s,,
hither,hither,s,,
by,by,s,considrd,0
the,the,s,considrd,0
Moons,moons,s,strd,0
bright,bright,s,,
flames,flames,c,,
",",",",n,,
To,to,s,considrd,0
see,see,s,,
his,his,s,considrd,0
brighter,brighter,s,,
light,light,c,,
",",",",s,,
were,were,s,,
to,to,s,considrd,0
the,the,s,considrd,0
Sea,sea,n,,
Enioyn'd,enioyn'd,s,,
again,again,c,strd,0
",",",",s,,
and,and,s,,
(,(,c,,
thence,thence,s,,
assigned,assigned,s,strd,0
a,a,s,considrd,0
day,day,n,,
For,for,s,considrd,0
their,their,s,considrd,0
return,return,c,strd,0
),),s,,
were,were,s,,
in,in,s,considrd,0
the,the,s,considrd,0
waves,waves,s,strd,0
to,to,s,considrd,0
leave,leave,n,strd,0
Their,their,s,considrd,0
blackness,blackness,c,strd,0
",",",",s,,
and,and,s,,
true,true,s,,
beauty,beauty,s,strd,0
to,to,s,considrd,0
receive,receive,c,strd,0
.,.,nn,,
WHich,which,s,considrd,0
they,they,s,considrd,0
received,received,c,strd,0
",",",",s,,
but,but,s,,
broke,broke,s,,
their,their,s,considrd,0
day,day,c,,
:,:,s,,
and,and,s,,
yet,yet,n,,
Have,have,s,strd,0
not,not,s,,
returned,returned,s,strd,0
a,a,s,considrd,0
look,look,s,strd,0
of,of,s,considrd,0
grace,grace,s,,
for,for,s,considrd,0
it,it,c,,
",",",",n,,
Showing,showing,s,strd,0
a,a,s,considrd,0
course,course,c,,
",",",",s,,
and,and,s,,
most,most,s,,
unfit,unfit,s,strd,0
neglect,neglect,c,,
.,.,n,,
Twice,twice,s,,
have,have,s,strd,0
I,i,s,considrd,0
come,come,c,,
",",",",s,,
in,in,s,considrd,0
pomp,pomp,s,strd,0
here,here,c,,
",",",",s,,
to,to,s,considrd,0
expect,expect,n,,
Their,their,s,considrd,0
presence,presence,c,,
;,;,s,,
Twice,twice,s,,
deluded,deluded,c,,
",",",",s,,
have,have,s,strd,0
been,been,s,strd,0
feign,feign,n,strd,0
With,with,s,considrd,0
Rites,rites,s,,
my,my,s,considrd,0
Feasts,feasts,s,,
to,to,s,considrd,0
entertain,entertain,c,strd,0
:,:,n,,
And,and,c,,
",",",",s,,
now,now,s,,
the,the,s,considrd,0
third,third,s,,
time,time,c,,
",",",",s,,
turned,turned,s,strd,0
about,about,s,,
the,the,s,considrd,0
year,year,c,strd,0
",",",",n,,
Since,since,s,,
they,they,s,considrd,0
were,were,s,,
looked,looked,s,strd,0
for,for,c,considrd,0
;,;,s,,
and,and,c,,
",",",",s,,
yet,yet,c,,
",",",",s,,
are,are,s,,
not,not,s,,
here,here,c,,
.,.,nn,,
IT,it,s,,
was,was,s,,
nor,nor,s,,
Will,will,c,,
",",",",s,,
nor,nor,s,,
Sloth,sloth,c,,
",",",",s,,
that,that,s,considrd,0
caused,caused,s,strd,0
their,their,s,considrd,0
stay,stay,c,,
;,;,n,,
For,for,s,considrd,0
they,they,s,considrd,0
were,were,s,,
all,all,s,,
prepared,prepared,s,,
by,by,s,considrd,0
their,their,s,considrd,0
day,day,c,,
",",",",n,,
And,and,c,,
",",",",s,,
with,with,s,considrd,0
religion,religion,c,,
",",",",s,,
forward,forward,s,,
on,on,s,,
their,their,s,considrd,0
way,way,c,,
:,:,n,,
When,when,s,,
PROTEVS,protevs,c,,
",",",",s,,
Prophet,prophet,s,,
of,of,s,considrd,0
the,the,s,considrd,0
Sea,sea,c,,
",",",",n,,
Met,met,s,,
them,them,c,,
",",",",s,,
and,and,s,,
made,made,s,,
report,report,c,,
",",",",s,,
how,how,s,,
other,other,s,,
four,four,n,strd,0
Of,of,s,considrd,0
their,their,s,considrd,0
black,black,s,strd,0
kind,kind,s,,
(,(,c,,
whereof,whereof,s,,
their,their,s,considrd,0
Sire,sire,s,strd,0
had,had,s,considrd,0
store,store,c,,
),),n,,
Faithful,faithful,s,strd,0
to,to,s,considrd,0
that,that,s,considrd,0
great,great,s,considrd,0
wonder,wonder,c,,
",",",",s,,
so,so,s,,
late,late,s,,
done,done,n,,
Upon,upon,s,strd,0
their,their,s,considrd,0
Sisters,sisters,c,,
",",",",s,,
by,by,s,considrd,0
bright,bright,s,,
Albion,albion,c,,
",",",",n,,
Had,had,s,considrd,0
followed,followed,s,,
them,them,s,,
to,to,s,considrd,0
seek,seek,s,strd,0
BRITANIA,britania,s,,
forth,forth,c,,
",",",",n,,
And,and,s,,
there,there,s,considrd,0
to,to,s,considrd,0
hope,hope,s,,
like,like,s,,
favor,favor,c,strd,0
",",",",s,,
as,as,s,considrd,0
like,like,s,,
worth,worth,c,,
.,.,n,,
Which,which,s,considrd,0
NIGHT,night,s,,
enui'd,enui'd,c,,
",",",",s,,
as,as,s,considrd,0
done,done,n,,
And,and,s,,
(,(,c,,
mad,mad,s,,
to,to,s,considrd,0
see,see,s,,
an,an,s,,
Aethiope,aethiope,s,,
washed,washed,s,,
white,white,c,,
),),n,,
Thought,thought,s,,
to,to,s,considrd,0
prevent,prevent,s,strd,0
in,in,s,considrd,0
these,these,c,,
;,;,s,,
lest,lest,s,,
men,men,s,,
should,should,s,,
deem,deem,n,strd,0
Her,her,s,,
color,color,c,strd,0
",",",",s,,
if,if,s,,
thus,thus,s,,
changed,changed,c,strd,0
",",",",s,,
of,of,s,considrd,0
small,small,s,,
esteem,esteem,c,strd,0
.,.,n,,
And,and,s,,
so,so,c,,
",",",",s,,
by,by,s,considrd,0
malice,malice,c,,
",",",",s,,
and,and,s,,
her,her,s,,
magic,magic,c,strd,0
",",",",s,,
tossed,tossed,n,strd,0
The,the,s,considrd,0
Nymphs,nymphs,s,strd,0
at,at,s,considrd,0
sea,sea,c,,
",",",",s,,
as,as,s,considrd,0
they,they,s,considrd,0
were,were,s,,
almost,almost,s,,
lost,lost,c,,
",",",",n,,
Till,till,c,,
",",",",s,,
on,on,s,,
an,an,s,,
Island,island,c,strd,0
",",",",s,,
they,they,s,considrd,0
by,by,s,considrd,0
chance,chance,s,,
arrived,arrived,c,strd,0
",",",",n,,
That,that,n,considrd,0
Them,them,s,,
so,so,c,,
",",",",s,,
in,in,s,considrd,0
charms,charms,s,strd,0
of,of,s,considrd,0
darkness,darkness,c,strd,0
",",",",s,,
as,as,s,considrd,0
no,no,s,considrd,0
might,might,n,,
Should,should,s,,
loose,loose,s,,
them,them,s,,
thence,thence,c,,
",",",",s,,
but,but,s,,
their,their,s,considrd,0
changed,changed,s,strd,0
Sisters,sisters,s,,
sight,sight,c,,
.,.,n,,
Whereat,whereat,s,,
the,the,s,considrd,0
Twelve,twelve,s,strd,0
(,(,c,,
in,in,s,considrd,0
piety,piety,s,strd,0
moved,moved,c,strd,0
",",",",s,,
and,and,s,,
kind,kind,c,,
),),n,,
Straight,straight,s,strd,0
put,put,s,,
themselves,themselves,s,strd,0
in,in,s,considrd,0
act,act,c,,
",",",",s,,
the,the,s,considrd,0
place,place,s,,
to,to,s,considrd,0
find,find,c,,
;,;,n,,
Which,which,s,considrd,0
was,was,s,,
the,the,s,considrd,0
NIGHTS,nights,s,,
sole,sole,s,,
trust,trust,s,,
they,they,s,considrd,0
so,so,s,,
will,will,s,,
do,do,c,strd,0
",",",",n,,
That,that,s,considrd,0
she,she,c,considrd,0
",",",",s,,
with,with,s,considrd,0
labor,labor,c,,
",",",",s,,
might,might,s,,
confound,confound,s,,
them,them,s,,
too,too,c,,
.,.,n,,
For,for,s,considrd,0
ever,ever,s,strd,0
since,since,s,,
with,with,s,considrd,0
error,error,s,,
has,has,s,strd,0
she,she,s,considrd,0
held,held,n,,
Them,them,s,,
wandering,wandering,s,strd,0
in,in,s,considrd,0
the,the,s,considrd,0
Ocean,ocean,c,,
",",",",s,,
and,and,s,,
so,so,s,,
quelled,quelled,n,strd,0
Their,their,s,considrd,0
hopes,hopes,s,,
beneath,beneath,s,,
their,their,s,considrd,0
toil,toil,c,strd,0
",",",",s,,
as,as,s,considrd,0
(,(,c,,
desperate,desperate,s,strd,0
now,now,n,,
Of,of,s,considrd,0
any,any,s,,
least,least,s,,
success,success,s,strd,0
unto,unto,s,strd,0
their,their,s,considrd,0
vow,vow,c,,
;,;,n,,
Nor,nor,s,,
knowing,knowing,s,,
to,to,s,considrd,0
return,return,s,strd,0
to,to,s,considrd,0
express,express,s,strd,0
the,the,s,considrd,0
grace,grace,c,,
",",",",n,,
Wherewith,wherewith,s,,
they,they,s,considrd,0
labor,labor,s,,
to,to,s,considrd,0
this,this,s,considrd,0
Prince,prince,c,,
",",",",s,,
and,and,s,,
place,place,c,,
),),n,,
One,one,s,,
of,of,s,considrd,0
them,them,c,,
",",",",s,,
meeting,meeting,s,,
me,me,s,,
at,at,s,considrd,0
sea,sea,c,,
",",",",s,,
did,did,s,,
pray,pray,c,,
",",",",n,,
That,that,s,considrd,0
for,for,s,considrd,0
the,the,s,considrd,0
love,love,s,strd,0
of,of,s,considrd,0
my,my,n,considrd,0
(,(,c,,
Whose,whose,s,,
very,very,s,strd,0
name,name,s,,
did,did,s,,
heat,heat,s,,
my,my,s,considrd,0
frostie,frostie,s,,
breast,breast,c,strd,0
",",",",n,,
And,and,s,,
make,make,s,,
me,me,s,,
shake,shake,s,,
my,my,s,considrd,0
snow-fill'd,snow-fill'd,s,,
wings,wings,s,,
and,and,s,,
crest,crest,c,,
),),n,,
To,to,s,considrd,0
bear,bear,s,strd,0
this,this,s,considrd,0
sad,sad,s,,
report,report,s,,
I,i,s,considrd,0
would,would,s,,
be,be,s,considrd,0
won,won,c,strd,0
",",",",n,,
And,and,s,,
frame,frame,s,,
their,their,s,considrd,0
just,just,s,strd,0
excuse,excuse,c,,
;,;,s,,
which,which,s,considrd,0
here,here,s,,
I,i,s,considrd,0
have,have,s,strd,0
done,done,c,,
.,.,nn,,
WOuld,would,s,,
thou,thou,s,considrd,0
had,had,s,strd,0
not,not,s,,
begun,begun,c,,
",",",",s,,
unlucky,unlucky,s,strd,0
Wind,wind,c,,
",",",",n,,
That,that,s,considrd,0
never,never,s,strd,0
yet,yet,s,,
blew'st,blew'st,s,,
goodness,goodness,s,strd,0
to,to,s,considrd,0
mankind,mankind,c,,
;,;,n,,
But,but,s,,
with,with,s,considrd,0
thy,thy,s,considrd,0
bitter,bitter,c,,
",",",",s,,
and,and,s,,
too,too,s,,
piercing,piercing,s,,
breath,breath,c,,
",",",",n,,
Strik'st,strik'st,nn,,
ALl,all,s,,
horrors,horrors,s,,
vanish,vanish,c,,
",",",",s,,
and,and,s,,
all,all,s,,
name,name,s,,
of,of,s,considrd,0
Death,death,c,,
",",",",n,,
Be,be,s,considrd,0
all,all,s,,
things,things,s,,
here,here,s,,
as,as,s,considrd,0
calm,calm,s,strd,0
as,as,s,considrd,0
is,is,s,considrd,0
my,my,s,considrd,0
breath,breath,c,,
.,.,n,,
A,a,s,considrd,0
gentler,gentler,s,,
Wind,wind,c,,
",",",",s,,
VVLTVRNVS,vvltvrnvs,c,,
",",",",s,,
brings,brings,s,,
you,you,s,considrd,0
news,news,n,strd,0
The,the,s,considrd,0
I,i,s,strd,0
Will,will,s,strd,1
is,is,s,considrd,0
found,found,c,,
",",",",s,,
and,and,s,,
that,that,s,considrd,0
the,the,s,considrd,0
Nymphs,nymphs,s,,
now,now,s,,
use,use,n,strd,0
Their,their,s,considrd,0
rest,rest,c,,
",",",",s,,
and,and,s,,
joy,joy,c,strd,0
.,.,s,,
The,the,s,considrd,0
Nights,nights,s,,
black,black,s,,
charms,charms,s,strd,0
are,are,s,,
flowne,flowne,c,,
.,.,n,,
For,for,c,considrd,0
",",",",s,,
being,being,s,,
made,made,s,,
unto,unto,s,strd,0
their,their,s,considrd,0
Goddess,goddess,s,strd,0
known,known,c,strd,0
",",",",n,,
Bright,bright,s,,
AETHIOPIA,aethiopia,c,,
",",",",s,,
the,the,s,considrd,0
silver,silver,s,strd,0
Moon,moon,c,strd,0
",",",",n,,
As,as,s,considrd,0
she,she,s,considrd,0
was,was,n,,
And,and,s,,
now,now,s,,
by,by,s,considrd,0
virtue,virtue,s,strd,0
of,of,s,considrd,0
their,their,s,considrd,0
light,light,c,,
",",",",s,,
and,and,s,,
grace,grace,c,,
",",",",n,,
The,the,s,considrd,0
glorious,glorious,s,,
Isle,isle,c,,
",",",",s,,
wherein,wherein,s,,
they,they,s,considrd,0
rest,rest,c,,
",",",",s,,
takes,takes,s,,
place,place,n,,
Of,of,s,considrd,0
all,all,s,,
the,the,s,considrd,0
earth,earth,s,,
for,for,s,considrd,0
Beauty,beauty,c,strd,0
.,.,s,,
Queen,queen,n,strd,0
Has,has,s,strd,0
raised,raised,s,,
them,them,s,,
a,a,s,considrd,0
Throne,throne,c,,
",",",",s,,
that,that,s,considrd,0
still,still,s,,
is,is,s,considrd,0
seen,seen,n,strd,0
To,to,s,considrd,0
turn,turn,s,strd,0
unto,unto,s,strd,0
the,the,s,considrd,0
motion,motion,s,,
of,of,s,considrd,0
the,the,s,considrd,0
World,world,c,,
;,;,n,,
Wherein,wherein,s,,
they,they,s,considrd,0
sit,sit,c,,
",",",",s,,
and,and,s,,
are,are,c,,
",",",",s,,
like,like,s,,
Heaven,heaven,c,strd,0
",",",",s,,
whirled,whirled,n,strd,0
About,about,s,,
the,the,s,considrd,0
Earth,earth,c,,
;,;,s,,
whilst,whilst,c,strd,0
",",",",s,,
to,to,s,considrd,0
them,them,s,,
contrary,contrary,c,strd,0
",",",",n,,
(,(,c,,
Following,following,s,,
those,those,s,,
nobler,nobler,s,,
torches,torches,s,,
of,of,s,considrd,0
the,the,s,considrd,0
Sky,sky,c,strd,0
),),n,,
A,a,s,considrd,0
world,world,s,,
of,of,s,considrd,0
little,little,s,,
Loves,loves,c,strd,0
",",",",s,,
and,and,s,,
chaste,chaste,s,strd,0
Desires,desires,c,,
",",",",n,,
Do,do,s,strd,0
light,light,s,,
their,their,s,considrd,0
beauties,beauties,c,,
",",",",s,,
with,with,s,considrd,0
still,still,s,,
moving,moving,s,strd,0
fires,fires,c,,
.,.,n,,
And,and,s,,
who,who,s,considrd,0
to,to,s,considrd,0
Heavens,heavens,s,strd,0
consent,consent,s,,
can,can,s,,
better,better,s,,
move,move,c,strd,0
",",",",n,,
Then,then,s,,
those,those,s,,
that,that,s,considrd,0
are,are,s,,
so,so,s,,
like,like,s,,
it,it,c,,
",",",",s,,
Beauty,beauty,s,strd,0
and,and,s,,
Love,love,c,strd,0
?,?,n,,
Hither,hither,c,,
",",",",s,,
as,as,s,considrd,0
to,to,s,considrd,0
their,their,s,considrd,0
new,new,s,considrd,0
Elysium,elysium,c,,
",",",",n,,
The,the,s,considrd,0
spirits,spirits,s,,
of,of,s,considrd,0
the,the,s,considrd,0
antique,antique,s,,
Greeks,greeks,s,strd,0
are,are,s,,
come,come,c,,
",",",",n,,
Poets,poets,s,,
and,and,s,,
Singes,singes,c,,
",",",",s,,
Linus,linus,c,,
",",",",s,,
Orpheus,orpheus,c,,
",",",",s,,
all,all,n,,
That,that,s,considrd,0
have,have,s,strd,0
excelled,excelled,s,strd,0
in,in,n,considrd,0
Where,where,c,,
",",",",s,,
set,set,s,,
in,in,s,considrd,0
arbors,arbors,s,,
made,made,s,,
of,of,s,considrd,0
myrtle,myrtle,c,,
",",",",s,,
and,and,s,,
gold,gold,c,,
",",",",n,,
They,they,s,considrd,0
live,live,c,strd,0
",",",",s,,
again,again,c,strd,0
",",",",s,,
these,these,s,,
beauties,beauties,s,,
to,to,s,considrd,0
behold,behold,c,,
.,.,n,,
And,and,s,,
thence,thence,s,,
in,in,s,considrd,0
flowery,flowery,s,strd,0
mazes,mazes,s,,
walking,walking,s,,
forth,forth,c,,
",",",",n,,
Sing,sing,s,,
hymns,hymns,s,strd,0
in,in,s,considrd,0
celebration,celebration,s,,
of,of,s,considrd,0
their,their,s,considrd,0
worth,worth,c,,
.,.,n,,
Whilst,whilst,c,,
",",",",s,,
to,to,s,considrd,0
their,their,s,considrd,0
songs,songs,c,,
",",",",s,,
two,two,s,,
fountains,fountains,s,strd,0
flow,flow,c,,
",",",",s,,
one,one,s,,
height,height,n,,
Of,of,s,considrd,0
lasting,lasting,s,,
Youth,youth,c,,
",",",",s,,
the,the,s,considrd,0
other,other,s,,
chaste,chaste,s,strd,0
Delight,delight,c,,
",",",",n,,
That,that,s,considrd,0
at,at,s,considrd,0
the,the,s,considrd,0
closes,closes,c,,
",",",",s,,
from,from,s,,
their,their,s,considrd,0
bottomes,bottomes,s,,
spring,spring,c,,
",",",",n,,
And,and,s,,
strike,strike,s,,
the,the,s,considrd,0
air,air,s,strd,0
to,to,s,considrd,0
echo,echo,s,strd,0
what,what,s,,
they,they,s,considrd,0
sing,sing,c,,
.,.,n,,
But,but,c,,
",",",",s,,
why,why,s,,
do,do,s,strd,0
I,i,s,considrd,0
describe,describe,s,,
what,what,s,,
all,all,s,,
must,must,s,,
see,see,c,,
?,?,n,,
By,by,s,considrd,0
this,this,s,considrd,0
time,time,c,,
",",",",s,,
near,near,s,strd,0
the,the,s,considrd,0
coast,coast,c,,
",",",",s,,
they,they,s,considrd,0
floating,floating,s,,
be,be,c,considrd,0
;,;,n,,
For,for,c,considrd,0
",",",",s,,
so,so,s,,
their,their,s,considrd,0
virtuous,virtuous,s,strd,0
Goddess,goddess,c,strd,0
",",",",s,,
the,the,s,considrd,0
chaste,chaste,s,strd,0
Moon,moon,c,strd,0
",",",",n,,
Told,told,s,,
them,them,c,,
",",",",s,,
the,the,s,considrd,0
fate,fate,s,,
of,of,s,considrd,0
the,the,s,strd,0
Island,island,s,strd,0
should,should,c,,
",",",",s,,
and,and,s,,
soon,soon,n,strd,0
Would,would,s,,
fix,fix,s,strd,0
it,it,s,,
self,self,s,strd,0
unto,unto,s,strd,0
thy,thy,s,considrd,0
continent,continent,c,,
",",",",n,,
As,as,s,considrd,0
being,being,s,,
the,the,s,considrd,0
place,place,c,,
",",",",s,,
by,by,s,considrd,0
destiny,destiny,s,,
fore-ment,fore-ment,c,,
",",",",n,,
Where,where,s,,
they,they,s,considrd,0
should,should,s,,
flow,flow,s,,
forth,forth,c,,
",",",",s,,
dressed,dressed,s,strd,0
in,in,s,considrd,0
her,her,s,,
attyres,attyres,c,,
:,:,n,,
And,and,c,,
",",",",s,,
that,that,s,considrd,0
the,the,s,considrd,0
influence,influence,s,,
of,of,s,considrd,0
those,those,s,,
holy,holy,s,,
fires,fires,c,,
",",",",n,,
(,(,c,,
First,first,s,,
rapt,rapt,s,,
from,from,s,,
hence,hence,c,,
),),s,,
being,being,s,,
multiplied,multiplied,s,,
upon,upon,n,strd,0
The,the,s,considrd,0
other,other,s,,
four,four,c,strd,0
",",",",s,,
should,should,s,,
make,make,s,,
their,their,s,considrd,0
beauties,beauties,s,,
one,one,c,,
.,.,n,,
Which,which,s,considrd,0
now,now,s,,
expect,expect,s,,
to,to,s,considrd,0
see,see,c,,
",",",",s,,
great,great,s,considrd,0
Neptunes,neptunes,s,,
son,son,c,strd,0
",",",",n,,
And,and,s,,
love,love,s,strd,0
the,the,s,considrd,0
miracle,miracle,c,,
",",",",s,,
which,which,s,considrd,0
thy,thy,s,considrd,0
self,self,s,strd,0
have,have,s,strd,0
done,done,c,,
.,.,nn,,
In,in,s,considrd,0
a,a,s,considrd,0
robe,robe,s,,
of,of,s,considrd,0
flame,flame,s,,
color,color,c,strd,0
",",",",s,,
naked,naked,s,,
brested,brested,c,,
;,;,s,,
her,her,s,,
bright,bright,s,,
hair,hair,s,strd,0
loose,loose,s,,
slowing,slowing,c,,
:,:,s,,
She,she,n,considrd,0
was,was,s,,
drawn,drawn,s,,
in,in,s,considrd,0
a,a,s,considrd,0
circle,circle,s,,
of,of,s,considrd,0
clouds,clouds,c,,
",",",",s,,
her,her,s,,
face,face,c,,
",",",",s,,
and,and,s,,
body,body,s,,
breaking,breaking,s,,
through,through,c,,
;,;,s,,
and,and,s,,
in,in,n,considrd,0
her,her,s,,
hand,hand,s,,
a,a,s,considrd,0
branch,branch,c,,
",",",",s,,
with,with,s,considrd,0
two,two,s,,
Roses,roses,c,considrd,0
",",",",s,,
a,a,s,considrd,0
white,white,c,,
",",",",s,,
and,and,s,,
a,a,s,considrd,0
red,red,c,considrd,0
.,.,s,,
The,the,s,considrd,0
next,next,s,,
to,to,s,considrd,0
her,her,s,,
was,was,n,,
SERENITAS,serenitas,nnn,,
In,in,s,considrd,0
a,a,s,considrd,0
garment,garment,s,,
of,of,s,considrd,0
bright,bright,s,,
skie-colour,skie-colour,c,,
",",",",s,,
a,a,s,considrd,0
long,long,s,,
tresse,tresse,c,,
",",",",s,,
and,and,s,,
waued,waued,s,,
with,with,s,considrd,0
a,a,s,considrd,0
veil,veil,nn,strd,0
(...),(...),s,,
(...),(...),s,,
As,as,s,considrd,0
now,now,c,,
!,!,s,,
Echo,echo,c,strd,0
.,.,s,,
As,as,s,considrd,0
now,now,c,,
!,!,s,,
Ecch,ecch,c,,
.,.,s,,
As,as,s,considrd,0
now,now,c,,
!,!,n,,
Yield,yield,s,strd,0
Night,night,c,,
",",",",s,,
then,then,c,,
",",",",s,,
to,to,s,considrd,0
the,the,s,considrd,0
light,light,c,,
",",",",n,,
As,as,s,considrd,0
Blackness,blackness,s,strd,0
has,has,s,strd,0
to,to,s,considrd,0
Beauty,beauty,c,strd,0
;,;,n,,
Which,which,s,considrd,0
is,is,s,considrd,0
but,but,s,,
the,the,s,considrd,0
same,same,s,,
duty,duty,c,strd,0
.,.,n,,
It,it,s,,
was,was,s,,
Beauty,beauty,c,,
",",",",s,,
that,that,s,considrd,0
the,the,s,considrd,0
World,world,s,,
was,was,s,,
made,made,c,,
",",",",n,,
And,and,s,,
where,where,s,,
she,she,s,considrd,0
reigns,reigns,c,strd,0
",",",",s,,
Loves,loves,s,strd,0
lights,lights,s,,
admit,admit,s,,
no,no,s,considrd,0
shade,shade,c,,
.,.,n,,
Ecch,ecch,c,,
.,.,s,,
Loves,loves,s,strd,0
lights,lights,s,,
admit,admit,s,,
no,no,s,considrd,0
shade,shade,c,,
.,.,n,,
Echo,echo,c,strd,0
.,.,s,,
Admit,admit,s,,
no,no,s,considrd,0
shade,shade,c,,
.,.,nn,,
Which,which,s,considrd,0
ended,ended,c,,
",",",",s,,
Vulturnus,vulturnus,s,,
the,the,s,considrd,0
Wind,wind,s,,
spoke,spoke,s,strd,0
to,to,s,considrd,0
the,the,s,considrd,0
River,river,s,strd,0
Thamesis,thamesis,c,,
",",",",s,,
that,that,s,considrd,0
lay,lay,s,,
along,along,n,,
between,between,s,strd,0
the,the,s,considrd,0
shores,shores,c,,
",",",",s,,
leaning,leaning,s,,
upon,upon,s,strd,0
his,his,s,considrd,0
Vrne,vrne,s,,
(,(,c,,
that,that,s,considrd,0
flowed,flowed,s,strd,0
with,with,s,considrd,0
water,water,c,,
",)",",)",s,,
and,and,n,,
crowned,crowned,s,strd,0
with,with,s,considrd,0
flowers,flowers,c,,
:,:,s,,
with,with,s,considrd,0
a,a,s,considrd,0
blue,blue,s,,
cloth,cloth,s,,
of,of,s,considrd,0
Silver,silver,s,strd,0
robe,robe,s,,
about,about,s,,
him,him,c,,
:,:,s,,
and,and,s,,
was,was,n,,
personated,personated,s,,
by,by,s,considrd,0
Master,master,s,,
THOMAS,thomas,s,,
GILES,giles,c,,
",",",",s,,
who,who,s,considrd,0
made,made,s,,
the,the,s,considrd,0
Daunces,daunces,nn,,
RIse,rise,s,,
aged,aged,s,,
Thames,thames,c,,
",",",",s,,
and,and,s,,
by,by,s,considrd,0
the,the,s,considrd,0
hand,hand,n,,
Receive,receive,s,strd,0
these,these,s,,
Nymphs,nymphs,c,strd,0
",",",",s,,
within,within,s,,
the,the,s,considrd,0
land,land,c,,
:,:,n,,
And,and,c,,
",",",",s,,
in,in,s,considrd,0
those,those,s,,
curious,curious,s,,
Squares,squares,c,,
",",",",s,,
and,and,s,,
Rounds,rounds,c,,
",",",",n,,
Where,where,s,,
with,with,s,considrd,0
thou,thou,s,considrd,0
flow'st,flow'st,s,,
betwixt,betwixt,s,,
the,the,s,considrd,0
grounds,grounds,n,,
Of,of,s,considrd,0
fruitful,fruitful,s,strd,0
Kent,kent,c,,
",",",",s,,
and,and,s,,
Essex,essex,s,,
fair,fair,c,strd,0
",",",",n,,
That,that,s,considrd,0
lend,lend,s,,
thee,thee,s,,
gyrlands,gyrlands,s,,
for,for,s,considrd,0
thy,thy,s,considrd,0
hair,hair,c,strd,0
;,;,n,,
Instruct,instruct,s,,
their,their,s,considrd,0
silver,silver,s,strd,0
feet,feet,s,strd,0
to,to,s,considrd,0
tread,tread,c,,
",",",",n,,
Whilst,whilst,s,,
we,we,c,considrd,0
",",",",s,,
again,again,s,strd,0
to,to,s,considrd,0
sea,sea,c,,
",",",",s,,
are,are,s,,
fled,fled,c,,
.,.,nn,,
With,with,s,considrd,0
which,which,s,considrd,0
the,the,s,considrd,0
Winds,winds,s,strd,0
departed,departed,c,,
;,;,s,,
and,and,s,,
the,the,s,considrd,0
River,river,s,strd,0
received,received,s,strd,0
them,them,s,,
into,into,s,considrd,0
the,the,s,considrd,0
Land,land,c,,
",",",",s,,
by,by,n,considrd,0
couples,couples,s,,
and,and,s,,
foures,foures,c,,
",",",",s,,
their,their,s,considrd,0
Cupids,cupids,s,,
coming,coming,s,strd,0
before,before,s,,
them,them,nn,,
These,these,s,,
dancing,dancing,s,strd,0
forth,forth,s,strd,0
a,a,s,considrd,0
most,most,s,,
curious,curious,s,,
Dance,dance,c,strd,0
",",",",s,,
full,full,s,,
of,of,s,considrd,0
excellent,excellent,s,,
device,device,c,strd,0
",",",",s,,
and,and,n,,
change,change,c,,
",",",",s,,
ended,ended,s,,
it,it,s,,
in,in,s,considrd,0
the,the,s,considrd,0
figure,figure,s,,
of,of,s,considrd,0
a,a,s,considrd,0
Diamant,diamant,c,,
",",",",s,,
and,and,s,,
so,so,c,,
",",",",s,,
standing,standing,s,,
still,still,c,,
",",",",s,,
were,were,s,,
by,by,n,considrd,0
the,the,s,considrd,0
Musicians,musicians,c,,
",",",",s,,
with,with,s,considrd,0
a,a,s,considrd,0
second,second,s,,
Song,song,s,,
(,(,c,,
sung,sung,s,,
by,by,s,considrd,0
a,a,s,considrd,0
loud,loud,s,,
Tenor,tenor,c,,
),),s,,
celebrated,celebrated,nn,,
SO,so,s,,
beauty,beauty,s,strd,0
on,on,s,,
the,the,s,considrd,0
waters,waters,s,,
stood,stood,c,,
",",",",n,,
(,(,c,,
When,when,s,,
love,love,s,strd,0
had,had,n,considrd,0
So,so,s,,
when,when,s,,
he,he,s,considrd,0
parted,parted,s,,
air,air,c,strd,0
",",",",s,,
from,from,s,,
fire,fire,c,considrd,0
?,?,n,,
He,he,s,considrd,0
did,did,s,,
with,with,s,considrd,0
concord,concord,s,,
all,all,s,,
inspire,inspire,c,,
!,!,n,,
And,and,s,,
then,then,s,,
a,a,s,considrd,0
motion,motion,s,,
he,he,s,considrd,0
them,them,s,,
taught,taught,c,,
",",",",n,,
That,that,s,considrd,0
elder,elder,s,,
then,then,s,,
himself,himself,s,strd,0
was,was,s,,
thought,thought,c,,
.,.,n,,
Which,which,s,considrd,0
thought,thought,s,,
was,was,c,,
",",",",s,,
yet,yet,c,,
",",",",n,,
For,for,s,considrd,0
love,love,s,strd,0
is,is,s,considrd,0
elder,elder,s,,
then,then,s,,
his,his,s,considrd,0
birth,birth,c,,
.,.,n,,
IF,if,s,,
all,all,s,,
these,these,s,,
CVPIDS,cvpids,c,,
",",",",s,,
now,now,c,,
",",",",s,,
were,were,s,,
blind,blind,n,,
As,as,s,considrd,0
is,is,s,considrd,0
brother,brother,c,,
;,;,n,,
Or,or,s,considrd,0
play,play,s,,
should,should,s,,
put,put,s,,
it,it,s,,
in,in,s,considrd,0
their,their,s,considrd,0
mind,mind,n,,
To,to,s,considrd,0
shoot,shoot,s,,
at,at,s,considrd,0
one,one,s,,
another,another,c,,
:,:,n,,
What,what,s,,
pretty,pretty,s,strd,0
battle,battle,s,strd,0
they,they,s,considrd,0
would,would,s,,
make,make,c,,
",",",",n,,
If,if,s,,
they,they,s,considrd,0
their,their,s,considrd,0
objects,objects,s,strd,0
should,should,s,,
mistake,mistake,n,,
And,and,s,,
each,each,s,,
one,one,s,,
wound,wound,s,,
his,his,s,considrd,0
mother,mother,c,,
!,!,n,,
IT,it,s,,
was,was,s,,
no,no,s,considrd,0
polity,polity,s,strd,0
of,of,s,considrd,0
court,court,c,,
",",",",n,,
Albee',albee',s,,
the,the,s,considrd,0
place,place,s,,
were,were,s,,
charmed,charmed,c,,
",",",",n,,
To,to,s,considrd,0
let,let,s,,
in,in,s,considrd,0
earnest,earnest,c,,
",",",",s,,
or,or,s,considrd,0
in,in,s,considrd,0
sport,sport,c,,
",",",",n,,
So,so,s,,
many,many,s,,
Loves,loves,s,strd,0
in,in,c,considrd,0
",",",",s,,
armed,armed,c,,
.,.,n,,
For,for,s,considrd,0
say,say,c,,
",",",",s,,
the,the,s,considrd,0
Dames,dames,s,,
should,should,c,,
",",",",s,,
with,with,s,considrd,0
their,their,s,considrd,0
eyes,eyes,c,,
",",",",n,,
Upon,upon,s,strd,0
the,the,s,considrd,0
hearts,hearts,c,,
",",",",s,,
here,here,c,,
",",",",s,,
mean,mean,s,strd,0
surprise,surprise,c,strd,0
;,;,n,,
Were,were,s,,
not,not,s,,
the,the,s,considrd,0
men,men,s,,
like,like,s,,
harmed,harmed,c,,
?,?,n,,
YEs,yes,c,,
",",",",s,,
were,were,s,,
the,the,s,considrd,0
Loves,loves,s,strd,0
or,or,s,considrd,0
false,false,c,,
",",",",s,,
or,or,s,considrd,0
straying,straying,c,,
;,;,n,,
Or,or,s,considrd,0
beauties,beauties,s,,
not,not,s,,
their,their,s,considrd,0
beauty,beauty,s,strd,0
waighing,waighing,c,,
:,:,n,,
But,but,s,,
here,here,c,,
",",",",s,,
no,no,s,considrd,0
such,such,s,,
deceit,deceit,s,strd,0
is,is,s,considrd,0
mixed,mixed,c,strd,0
",",",",n,,
Their,their,s,considrd,0
flames,flames,s,,
are,are,s,,
pure,pure,c,,
",",",",s,,
their,their,s,considrd,0
eyes,eyes,s,,
are,are,s,,
fixed,fixed,c,strd,0
:,:,n,,
They,they,s,considrd,0
do,do,s,strd,0
not,not,s,,
war,war,c,strd,0
",",",",s,,
with,with,s,considrd,0
different,different,s,,
darts,darts,c,,
",",",",n,,
But,but,s,,
strike,strike,s,,
a,a,s,considrd,0
music,music,s,strd,0
of,of,s,considrd,0
like,like,s,,
hearts,hearts,c,strd,0
.,.,n,,
HAd,had,s,considrd,0
those,those,c,,
",",",",s,,
that,that,s,considrd,0
dwell,dwell,s,,
in,in,s,considrd,0
error,error,s,,
foul,foul,c,strd,0
",",",",n,,
And,and,s,,
hold,hold,n,,
But,but,s,,
seen,seen,s,strd,0
these,these,s,,
move,move,c,strd,0
;,;,s,,
they,they,s,considrd,0
would,would,s,,
have,have,c,strd,0
",",",",s,,
then,then,n,,
Said,said,c,,
",",",",s,,
Women,women,s,,
were,were,s,,
the,the,s,considrd,0
souls,souls,s,strd,0
of,of,s,considrd,0
men,men,c,,
.,.,n,,
So,so,s,,
they,they,s,considrd,0
do,do,s,strd,0
move,move,s,strd,0
each,each,s,,
heart,heart,c,,
",",",",s,,
and,and,s,,
eye,eye,n,,
With,with,s,considrd,0
the,the,s,considrd,0
worlds,worlds,s,,
soul,soul,c,strd,0
",",",",s,,
true,true,s,,
harmony,harmony,c,,
.,.,n,,
YOur,your,s,,
grace,grace,s,,
is,is,s,considrd,0
great,great,c,considrd,0
",",",",s,,
as,as,s,considrd,0
is,is,s,considrd,0
your,your,s,,
beauty,beauty,c,strd,0
",",",",s,,
Dames,dames,c,,
;,;,n,,
Enough,enough,s,strd,0
my,my,s,considrd,0
feasts,feasts,s,,
have,have,s,strd,0
proved,proved,s,strd,0
your,your,s,,
thankful,thankful,s,strd,0
flames,flames,c,,
.,.,n,,
Now,now,s,,
use,use,s,strd,0
your,your,s,,
seat,seat,c,strd,0
:,:,s,,
that,that,s,considrd,0
seat,seat,s,strd,0
which,which,s,considrd,0
was,was,c,,
",",",",s,,
before,before,c,,
",",",",n,,
Thought,thought,s,,
stray'ing,stray'ing,c,,
",",",",s,,
uncertain,uncertain,c,strd,0
",",",",s,,
floting,floting,s,,
to,to,s,considrd,0
each,each,s,,
shore,shore,c,,
",",",",n,,
And,and,s,,
to,to,s,considrd,0
whose,whose,s,,
having,having,s,strd,0
clime,clime,s,,
laid,laid,s,,
claim,claim,c,strd,0
",",",",n,,
Each,each,s,,
land,land,c,,
",",",",s,,
and,and,s,,
nation,nation,s,,
urged,urged,s,strd,0
as,as,s,considrd,0
the,the,s,considrd,0
aim,aim,n,strd,0
Of,of,s,considrd,0
their,their,s,considrd,0
ambition,ambition,c,,
",",",",s,,
beauties,beauties,s,,
perfect,perfect,s,,
throne,throne,c,,
",",",",n,,
Now,now,s,,
made,made,s,,
peculiar,peculiar,c,,
",",",",s,,
to,to,s,considrd,0
this,this,s,considrd,0
place,place,c,,
",",",",s,,
alone,alone,c,,
;,;,n,,
And,and,s,,
that,that,c,considrd,0
",",",",s,,
by'impulsion,by'impulsion,s,,
of,of,s,considrd,0
your,your,s,,
destinies,destinies,c,,
",",",",n,,
And,and,s,,
his,his,s,considrd,0
attractiue,attractiue,s,,
beams,beams,c,strd,0
",",",",s,,
that,that,s,considrd,0
lights,lights,s,,
these,these,s,,
skies,skies,c,,
:,:,n,,
Who,who,s,considrd,0
(,(,c,,
though,though,s,,
with,with,s,considrd,0
the,the,s,strd,0
Ocean,ocean,s,,
compassed,compassed,c,strd,0
),),s,,
never,never,s,strd,0
wets,wets,n,,
His,his,s,considrd,0
hair,hair,s,strd,0
therein,therein,c,,
",",",",s,,
nor,nor,s,,
wears,wears,s,strd,0
a,a,s,considrd,0
beam,beam,s,strd,0
that,that,s,considrd,0
sets,sets,c,,
.,.,n,,
Long,long,s,,
may,may,s,,
his,his,s,considrd,0
light,light,s,,
adorn,adorn,s,strd,0
these,these,s,,
happy,happy,s,,
rites,rites,n,,
As,as,s,considrd,0
I,i,s,considrd,0
renew,renew,s,,
them,them,c,,
;,;,s,,
and,and,s,,
your,your,s,,
gracious,gracious,s,,
sights,sights,n,,
Enjoy,enjoy,s,strd,0
that,that,s,considrd,0
happiness,happiness,c,strd,0
",",",",s,,
eu'en,eu'en,s,,
to,to,s,considrd,0
envy,envy,c,strd,0
",",",",s,,
'as,'as,s,,
when,when,n,,
Beauty,beauty,c,strd,0
",",",",s,,
at,at,s,considrd,0
large,large,c,,
",",",",s,,
brake,brake,s,,
forth,forth,c,,
",",",",s,,
and,and,s,,
conquered,conquered,s,strd,0
men,men,c,,
.,.,nn,,
STill,still,s,,
turn,turn,c,strd,0
",",",",s,,
and,and,s,,
imitate,imitate,s,,
the,the,s,considrd,0
heaven,heaven,n,strd,0
In,in,s,considrd,0
motion,motion,s,,
swift,swift,s,,
and,and,s,,
even,even,c,strd,0
;,;,n,,
And,and,s,,
as,as,s,considrd,0
his,his,s,considrd,0
Planets,planets,s,,
go,go,c,strd,0
",",",",n,,
Your,your,s,,
brighter,brighter,s,,
lights,lights,s,,
do,do,s,strd,0
so,so,c,,
:,:,n,,
May,may,s,,
youth,youth,s,,
and,and,s,,
pleasure,pleasure,s,,
ever,ever,s,strd,0
flow,flow,c,,
.,.,n,,
But,but,s,,
let,let,s,,
your,your,s,,
state,state,c,,
",",",",s,,
the,the,s,considrd,0
while,while,c,,
",",",",n,,
Be,be,s,considrd,0
fixed,fixed,s,,
as,as,s,considrd,0
the,the,s,considrd,0
Isle,isle,c,,
.,.,n,,
CHO,cho,c,,
.,.,s,,
So,so,s,,
all,all,s,,
that,that,s,considrd,0
see,see,s,,
your,your,s,,
beauties,beauties,s,,
sphaere,sphaere,c,,
",",",",n,,
May,may,s,,
know,know,s,,
the',the',s,,
Elysian,elysian,s,,
fields,fields,s,,
are,are,s,,
here,here,c,,
.,.,n,,
Ecch,ecch,c,,
.,.,s,,
The,the,s,strd,0
Elysian,elysian,s,,
fields,fields,s,,
are,are,s,,
here,here,c,,
.,.,n,,
Ecch,ecch,c,,
.,.,s,,
'Elysian,'elysian,s,,
fields,fields,s,,
are,are,s,,
here,here,c,,
.,.,nn,,
